Track URI,Track Name,Album Name,Artist Name(s),Release Date,Duration (ms),Popularity,Explicit,Added By,Added At,Genres,Record Label,Danceability,Energy,Key,Loudness,Mode,Speechiness,Acousticness,Instrumentalness,Liveness,Valence,Tempo,Time Signature
spotify:track:4QH5Dw1Rmzf3czMvsHRD7B,"courage","Haruka Tomatsu Best Selection Sunshine","Haruka Tomatsu",2008,253160,0,false,scjo4o2kz9o5tj44pzr24cqzo,2020-03-03T00:01:48Z,"anime,j-pop","MusicRay'n Inc.",0.568,0.939,4,-1.577,0,0.0446,0.0657,0,0.368,0.676,97.937,4
spotify:track:0tw4GLi5c36owjRA26mJf2,"Overfly","Oversky","Luna Haruna",2013-08-21,267506,0,false,scjo4o2kz9o5tj44pzr24cqzo,2020-03-03T00:01:52Z,"anime,j-pop","Sony Music Labels Inc.",0.583,0.858,8,-3.494,1,0.0449,0.0799,0.000405,0.0923,0.348,133.942,4
spotify:track:66lF1QWtLZXJofJ3x388RV,"バイバイ YESTERDAY","バイバイ YESTERDAY","3年E組うた担(渚&茅野&業&磯貝&前原)",2016-05-25,248800,55,false,scjo4o2kz9o5tj44pzr24cqzo,2021-12-09T10:57:26Z,"anime","avex pictures",0.591,0.945,0,-2.483,1,0.0675,0.0389,0,0.214,0.96,180.048,4
spotify:track:4sYAOOQIVPQwNf9bFKc4Q9,"No Game No Life Opening","No Game No Life Opening","Amy B",2018-10-06,91811,43,false,scjo4o2kz9o5tj44pzr24cqzo,2021-12-09T10:43:19Z,"anime","Amy B",0.54,0.934,11,-3.183,0,0.0913,0.105,0,0.0814,0.672,146.979,4
spotify:track:1YlmNQyqgqmih1o96NGCZZ,"静寂のアポストル","静寂のアポストル","JAM Project",2019-04-24,218695,0,false,scjo4o2kz9o5tj44pzr24cqzo,2021-12-09T10:42:36Z,"anime,j-rock","Lantis",0.282,0.916,10,-2.113,0,0.0884,0.000327,0,0.216,0.518,102.968,4
spotify:track:3QH93rAs2Od0Gbxs2fn4gI,"GO CRY GO","Hello New World","OxT",2018-09-12,219160,37,false,scjo4o2kz9o5tj44pzr24cqzo,2021-12-09T10:57:30Z,"anime,j-rock","KADOKAWA",0.491,0.979,9,-3.197,1,0.0982,0.0134,0,0.32,0.4,101.031,4
spotify:track:3CxPHzTcrXOMNUq9XOtX5P,"Startear","Candy Lips","Luna Haruna",2015-03-25,302813,0,false,scjo4o2kz9o5tj44pzr24cqzo,2020-03-03T00:02:00Z,"anime,j-pop","Sony Music Labels Inc.",0.526,0.918,4,-3.19,1,0.0635,0.018,0.00000125,0.175,0.492,134.017,4
spotify:track:5nOMEgkii0peE0kBg2ZqcA,"Resonance","Resonance","NateWantsToBattle",2019-10-09,209818,37,false,scjo4o2kz9o5tj44pzr24cqzo,2021-12-09T10:43:28Z,"anime","Give Heart Records",0.403,0.989,1,-3.59,0,0.144,0.0000333,0,0.258,0.444,165.015,4
spotify:track:0b7b3OR4cKHo08rdpLHofM,"Guren No Yumiya","Jiyuu E No Shingeki","Linked Horizon",2013-12-09,316933,0,false,scjo4o2kz9o5tj44pzr24cqzo,2020-03-03T00:02:07Z,"anime,j-pop","Pony Canyon, Inc.",0.325,0.99,1,-3.884,0,0.248,0.0689,0.0000043,0.585,0.0841,180.677,4
spotify:track:4nDekDoHfxupPanypVYsOW,"99.9 (Mob Psycho 100 II)","99.9 (Mob Psycho 100 II)","Miura Jam",2019-02-03,183355,33,false,scjo4o2kz9o5tj44pzr24cqzo,2021-12-09T10:42:38Z,"anime","738190 Records DK",0.359,0.906,3,-3.243,0,0.121,0.0401,0.00000362,0.226,0.762,82.186,4
spotify:track:28DlaPydCnrs8NxYOnUPZ8,"ポラリス","Q.E.D","BLUE ENCOUNT",2020-11-18,224213,65,false,scjo4o2kz9o5tj44pzr24cqzo,2021-12-09T10:57:37Z,"anime,j-rock,j-pop","Sony Music Labels Inc.",0.534,0.941,8,-2.561,1,0.077,0.00204,0.00615,0.102,0.573,95.008,4
spotify:track:01HcvUGKvU9Czl4z3A4sQI,"Deep In Abyss - Anime Intro Version","Deep In Abyss (Made In Abyss OST)","Miyu Tomita;Mariye Ise",2019-04-11,223710,48,false,scjo4o2kz9o5tj44pzr24cqzo,2021-12-09T10:43:36Z,"anime","Fermanferma",0.595,0.849,6,-4.073,0,0.0338,0.0127,0.00000471,0.36,0.57,134.976,4
spotify:track:2lV9zuC3ghy7zclCGnvK6E,"The Other Self (From ""Kuroko no Basket"")","The Other Self (From ""Kuroko no Basket"")","Miura Jam",2019-08-09,92095,0,false,scjo4o2kz9o5tj44pzr24cqzo,2020-03-03T00:02:12Z,"anime","Miura Jam",0.378,0.929,2,-4.879,1,0.157,0.00675,0.00000144,0.326,0.19,148.13,4
spotify:track:1Gqpa08T7eBAvPQj9O9L2Q,"Just Awake","All That We Have Now","Fear, and Loathing in Las Vegas",2012-08-08,218573,1,false,scjo4o2kz9o5tj44pzr24cqzo,2020-03-03T00:02:24Z,"anime,j-rock","VAP",0.357,0.98,5,-1.286,0,0.153,0.00143,0,0.196,0.567,191.147,4
spotify:track:4MTgIH5OZQHAbdBWgbKSAb,"MUKANJYO","MUKANJYO","Survive Said The Prophet",2019-08-02,192400,62,false,scjo4o2kz9o5tj44pzr24cqzo,2021-12-09T10:43:40Z,"anime,j-rock","Sony Music Labels Inc.",0.468,0.961,7,-4.082,1,0.114,0.00364,0,0.226,0.31,94.926,4
spotify:track:0ekyKwGvJYXo03wAitRlwv,"Hero's Come Back!!（第1話〜第30話）","熱烈！アニソン魂 THE BEST カバー楽曲集 TVアニメシリーズ「NARUTO」 vol.5 [疾風伝 第1話～第281話 主題歌OP 編]","Junichi Sakamoto",2014-11-14,272281,42,false,scjo4o2kz9o5tj44pzr24cqzo,2021-12-09T10:42:43Z,"anime","fyto inc.",0.686,0.906,2,-3.216,1,0.0369,0.0661,0,0.0978,0.633,104.046,4
spotify:track:3oTaHMklchPDDekuw1lfIw,"PHOENIX","PHOENIX","BURNOUT SYNDROMES",2020-02-12,246786,0,false,scjo4o2kz9o5tj44pzr24cqzo,2020-03-03T00:02:28Z,"anime,j-rock,j-pop","Sony Music Labels Inc.",0.472,0.944,0,-1.012,1,0.0733,0.107,0,0.33,0.637,137.146,4
spotify:track:1Rcu3RBBSWWYSMCSfULM63,"Share the light","Share the Light","Run Girls, Run!",2019-11-27,245533,35,false,scjo4o2kz9o5tj44pzr24cqzo,2020-03-03T00:02:33Z,"anime","DIVEIIentertainment",0.572,0.918,7,-3.736,0,0.131,0.203,0.0000242,0.325,0.35,180.018,4
spotify:track:4YycgLIc3P6oQRY5NiOybl,"THE HERO !! ～怒れる拳に火をつけろ～","AREA Z","JAM Project",2016-06-29,229742,1,false,scjo4o2kz9o5tj44pzr24cqzo,2020-03-03T00:02:46Z,"anime,j-rock","Lantis",0.467,0.967,2,-3.528,1,0.116,0.0000468,0,0.195,0.177,130.175,4
spotify:track:7acjxFn1oZOn8QAv43DOcN,"Jungle P (第326-372話 OP)","熱烈！アニソン魂 THE BEST カバー楽曲集 TVアニメシリーズ「ONE PIECE」vol.1","Yuuki Okamoto",2015-11-12,195310,45,false,scjo4o2kz9o5tj44pzr24cqzo,2020-03-03T00:02:57Z,"anime","fyto inc.",0.593,0.937,6,-1.707,1,0.0797,0.0774,0,0.359,0.89,144.982,4
spotify:track:6LoC0DAzeIET4iA9gXG2Ly,"HERO A","TVアニメ『僕のヒーローアカデミア』オリジナル・サウンドトラック","Yuki Hayashi",2016-07-13,195666,51,false,scjo4o2kz9o5tj44pzr24cqzo,2020-03-03T00:03:01Z,"anime,soundtrack","TOHO animation RECORDS",0.55,0.958,6,-5.292,0,0.0678,0.0227,0.129,0.128,0.595,120.052,4
spotify:track:4grrgOFDvIVvw807GmqT1X,"HEROES","Pathos and Ethos","Brian the Sun",2017-01-11,181360,0,false,scjo4o2kz9o5tj44pzr24cqzo,2020-03-03T00:03:05Z,"anime,j-rock,japanse indie","Sony Music Labels Inc.",0.526,0.94,2,-3.864,1,0.066,0.00742,0,0.268,0.574,99.059,4
spotify:track:5P8lyudWE7HQxb4ludLbEm,"恋愛サーキュレーション","Utamonogatari Special Edition (Original Soundtrack)","物語シリーズ",2018-11-02,255040,65,false,scjo4o2kz9o5tj44pzr24cqzo,2020-03-03T00:03:09Z,"anime,j-pop","NITRON concepts",0.814,0.785,1,-5.679,0,0.0396,0.0524,0.00111,0.111,0.941,120.009,4
spotify:track:1tjOClAkdMxDfYPO0xvGbG,"THE DAY","Butterfly Effect","PornoGraffitti",2017-10-25,241626,65,false,scjo4o2kz9o5tj44pzr24cqzo,2020-03-03T00:03:14Z,"anime,j-pop,j-rock","Sony Music Labels Inc.",0.512,0.933,1,-4.759,0,0.0738,0.000761,0,0.342,0.465,92.998,4
spotify:track:1g0SlTCGN9j3OicWHfSKEn,"the WORLD","the WORLD Ruler","NIGHTMARE",2007-02-28,228120,0,false,scjo4o2kz9o5tj44pzr24cqzo,2020-03-03T00:03:17Z,"visual kei,anime,j-rock","VAP",0.531,0.904,11,-3.869,0,0.0419,0.00353,0,0.328,0.753,94.999,4
spotify:track:2bLASFaUQYTFbmD9etuOQv,"database","Tales of Purefly","MAN WITH A MISSION;Takuma",2014-03-12,238013,0,false,scjo4o2kz9o5tj44pzr24cqzo,2020-03-03T00:03:22Z,"anime,j-rock,j-pop","Sony Music Labels Inc.",0.461,0.969,2,-3.269,1,0.0861,0.0000738,0,0.362,0.807,177.012,4
spotify:track:7B8VwAAFRD9gtquCml2tFe,"Skyreach","Various BLUE","Sora Amamiya",2016-09-23,267226,0,false,scjo4o2kz9o5tj44pzr24cqzo,2020-03-03T00:03:26Z,"","MusicRay'n Inc.",0.358,0.964,5,-2.245,0,0.11,0.00169,0.00356,0.334,0.565,184.105,4
spotify:track:1p0WZg4NXoNVGj2AuoLJe7,"熱情のスペクトラム","Chou Ikimonobakari Tennen Kinen Members Best Selection","Ikimonogakari",2006,223613,65,false,scjo4o2kz9o5tj44pzr24cqzo,2020-03-03T00:03:30Z,"anime,j-pop,j-rock","Sony Music Labels Inc.",0.479,0.902,11,-2.665,0,0.0439,0.0593,0,0.394,0.748,159.975,4
spotify:track:5sqkarfxe7UejHTlCtHCLS,"Let Me Hear","Feeling of Unity","Fear, and Loathing in Las Vegas",2015-09-30,225546,0,false,scjo4o2kz9o5tj44pzr24cqzo,2020-03-03T00:03:35Z,"anime,j-rock","VAP",0.175,0.995,6,1.023,0,0.211,0.000145,0.0000025,0.214,0.303,184.066,4
spotify:track:1twa0dzuIetu1GmB1aEUiX,"Golden Time Lover (De ""FullMetal Alchemist Brotherhood"")","Golden Time Lover (De ""FullMetal Alchemist Brotherhood"")","Tragicômico",2018-11-27,331295,25,false,scjo4o2kz9o5tj44pzr24cqzo,2021-12-09T10:57:59Z,"anime","Tragicômico",0.684,0.953,8,-5.622,1,0.0701,0.0368,0,0.328,0.784,124.998,4
spotify:track:3mScGCzxiXA9OaHdBeuk7O,"crossing field","LANDSPACE","LiSA",2013-10-30,248946,2,false,scjo4o2kz9o5tj44pzr24cqzo,2020-03-03T00:03:39Z,"anime,j-pop,j-rock","NITRON concepts",0.447,0.983,5,-2.281,1,0.268,0.0157,0,0.276,0.317,179.072,4
spotify:track:0GLyqTysS0DFoeKjURtB8s,"unravel","Fantastic Magic","TK from Ling tosite sigure",2014-08-27,238360,1,false,scjo4o2kz9o5tj44pzr24cqzo,2020-03-03T00:03:42Z,"anime,j-rock,j-pop","NITRON concepts",0.507,0.889,7,-2.755,0,0.086,0.0495,0,0.0983,0.333,135.021,4
spotify:track:6QpWIlT6WqmwSYpR9Tjb13,"ピースサイン - Peace Sign","Peace Sign - EP","Kenshi Yonezu",2017-06-21,237280,0,false,scjo4o2kz9o5tj44pzr24cqzo,2020-03-03T00:03:47Z,"j-pop,anime,j-rock","NITRON concepts",0.577,0.941,8,-2.96,1,0.0822,0.00782,0,0.325,0.556,100.026,4
spotify:track:7oMmtlSsCdIl18X9stpBza,"HIGHSCHOOL OF THE DEAD","異世界転生したらベストアルバムでした｡","KISIDA KYODAN & THE AKEBOSI ROCKETS",2021-10-20,203668,0,false,scjo4o2kz9o5tj44pzr24cqzo,2021-12-09T10:44:15Z,"anime,j-rock","NBCUniversal Entertainment",0.359,0.954,7,-2.471,1,0.124,0.00811,0.000128,0.282,0.467,189.926,4
spotify:track:5EHtUEFJ9trrc3cNNfBfJj,"ヒカリアレ","Lemon","BURNOUT SYNDROMES",2016-11-29,244786,1,false,scjo4o2kz9o5tj44pzr24cqzo,2020-03-03T00:03:55Z,"anime,j-rock,j-pop","Sony Music Labels Inc.",0.32,0.939,7,-1.74,1,0.13,0.0112,0,0.363,0.348,178.096,4
spotify:track:1y3Ml1b1c4v3ZdpbWLKD1F,"FLY HIGH!!","Lemon","BURNOUT SYNDROMES",2016-11-29,244493,1,false,scjo4o2kz9o5tj44pzr24cqzo,2020-03-03T00:04:00Z,"anime,j-rock,j-pop","Sony Music Labels Inc.",0.468,0.961,11,-1.434,1,0.0727,0.0133,0,0.331,0.354,94.646,4
spotify:track:70oPbPhYSIxThsQFRHMYJB,"ViViD","ViViD","May'n",2013-07-24,262283,28,false,scjo4o2kz9o5tj44pzr24cqzo,2020-06-15T20:24:40Z,"anime,j-pop","FlyingDog",0.534,0.977,1,-1.549,0,0.162,0.13,0,0.286,0.364,102.497,4
spotify:track:2rYiDn8FjwBnBPtZDP8to3,"Snow Fairy","Tv Anime ""Fairy Tail"" Op & Ed Theme Songs Vol. 1","FUNKIST",2011-08-17,216626,57,false,scjo4o2kz9o5tj44pzr24cqzo,2020-07-05T20:40:54Z,"anime","PONY CANYON",0.418,0.846,1,-4.211,0,0.0473,0.000232,0,0.161,0.561,105.983,4
spotify:track:0CG1VDIBtoHTPvvBEzqKaY,"Ft.","Tv Anime ""Fairy Tail"" Op & Ed Theme Songs Vol. 1","FUNKIST",2011-08-17,211840,56,false,scjo4o2kz9o5tj44pzr24cqzo,2020-07-07T11:32:00Z,"anime","PONY CANYON",0.464,0.923,0,-4.015,0,0.0467,0.0112,0,0.229,0.799,99.012,4
spotify:track:6ewApBBLNOZODfwiGrNwvF,"S.O.W. Sense of Wonder","Tv Anime ""Fairy Tail"" Op & Ed Theme Songs Vol. 1","Idoling!!!",2011-08-17,243120,44,false,scjo4o2kz9o5tj44pzr24cqzo,2020-07-07T11:32:05Z,"anime","PONY CANYON",0.492,0.896,5,-3.45,1,0.0482,0.158,0,0.349,0.699,170.083,4
spotify:track:535hKAvNpDIGEypT9RDzSy,"R.P.G. ～ Rockin' Playing Game","Tv Anime ""Fairy Tail"" Op & Ed Theme Songs Vol. 1","SuG",2011-08-17,202986,41,false,scjo4o2kz9o5tj44pzr24cqzo,2020-07-11T18:17:58Z,"visual kei,j-rock,anime","PONY CANYON",0.416,0.878,9,-3.619,1,0.0495,0.000026,0.0000853,0.114,0.43,102.586,4
spotify:track:6zQBXnRu7Yc42C6qp0trRE,"Egao No Mahou","Tv Anime ""Fairy Tail"" Op & Ed Theme Songs Vol. 1","MAGIC PARTY",2011-08-17,211520,44,false,scjo4o2kz9o5tj44pzr24cqzo,2020-07-11T18:18:02Z,"anime","PONY CANYON",0.301,0.923,5,-4.351,1,0.0485,0.0322,0,0.205,0.337,175.129,4
spotify:track:5Y78SEDLcnOkE2kMwEuuwo,"Fiesta","TV Anime ""Fairy Tail"" OP & ED Theme Songs Vol. 2","+Plus",2017-03-23,237026,49,false,scjo4o2kz9o5tj44pzr24cqzo,2020-07-11T18:18:08Z,"anime","PONY CANYON INC.",0.605,0.945,2,-3.953,1,0.08,0.0124,0,0.272,0.915,139.951,4
spotify:track:6nviAJNr1koMhfM1YJJMu6,"The Rock City Boy","TV Anime ""Fairy Tail"" OP & ED Theme Songs Vol. 2","JAMIL",2017-03-23,212720,47,false,scjo4o2kz9o5tj44pzr24cqzo,2020-07-11T18:18:12Z,"anime","PONY CANYON INC.",0.602,0.952,6,-3.904,0,0.0936,0.0341,0,0.1,0.818,160.048,4
spotify:track:4UJ0GdjPOXXWqLQjUikn2h,"Towa no Kizuna","TV Anime ""Fairy Tail"" OP & ED Theme Songs Vol. 2","Daisy×Daisy",2017-03-23,217173,46,false,scjo4o2kz9o5tj44pzr24cqzo,2020-07-11T18:18:21Z,"anime","PONY CANYON INC.",0.614,0.993,8,-3.462,0,0.0974,0.204,0.0000892,0.395,0.624,143.979,4
spotify:track:3XKMO7tvyyUmxRvlJGhYQm,"空に歌えば","地方都市のメメント・モリ","amazarashi",2017-12-13,217626,61,false,scjo4o2kz9o5tj44pzr24cqzo,2021-12-09T10:44:36Z,"anime,j-rock,j-pop","Sony Music Labels Inc.",0.593,0.951,6,-1.335,0,0.0697,0.0142,0.00000113,0.0961,0.64,102.04,4
spotify:track:4IeNq3H7ZI3SLX7QP6VNxA,"Inferno - From ""Fire Force: Enen no Shouboutai""","Inferno (From ""Fire Force: Enen no Shouboutai"")","Shayne Orok",2019-07-19,90162,0,false,scjo4o2kz9o5tj44pzr24cqzo,2020-11-28T14:05:02Z,"anime","Shayne Orok",0.64,0.697,1,-6.712,0,0.0961,0.0159,0,0.118,0.851,92.439,4
spotify:track:04LCCxG3pbOYeENiyUc7Xb,"Black Rover","ウララ","VK Blanka",2018-04-18,208299,57,false,scjo4o2kz9o5tj44pzr24cqzo,2020-12-28T00:10:40Z,"anime,j-pop,j-rock","avex trax",0.599,0.932,11,-5.621,1,0.0407,0.00218,0,0.143,0.539,102.071,4
spotify:track:38kcwx5znepLWCIBID0Bwm,"Kyouran Hey Kids!!","FIXION","THE ORAL CIGARETTES",2016-01-05,250973,52,false,scjo4o2kz9o5tj44pzr24cqzo,2020-12-29T21:14:24Z,"j-rock,anime,j-pop","antwork",0.526,0.981,8,-1.82,1,0.111,0.00318,0.00161,0.187,0.781,142.016,4
spotify:track:2Wi5ubKr8zSk8L3CLemyS4,"Tank!","COWBOY BEBOP (Original Motion Picture Soundtrack)","SEATBELTS",1998-05-21,210333,62,false,scjo4o2kz9o5tj44pzr24cqzo,2020-12-29T21:16:13Z,"bebop,anime","SUNRISE Music Label",0.401,0.902,0,-6.814,1,0.154,0.0296,0.918,0.614,0.58,137.363,4
spotify:track:3BSPKTravgBDjmuG1rIXvw,"BLOODY STREAM","BLOODY STREAM","Coda",2013-01-30,261920,68,false,scjo4o2kz9o5tj44pzr24cqzo,2020-12-29T21:16:39Z,"anime","ワーナー・ホーム・ビデオ",0.274,0.903,8,-3.125,1,0.064,0.0086,0,0.315,0.662,129.999,4
spotify:track:6DQgVAFIpmbXcJoRZbXRLc,"Clattanoia","Hello New World","OxT",2018-09-12,236186,41,false,scjo4o2kz9o5tj44pzr24cqzo,2020-12-29T21:18:14Z,"anime,j-rock","KADOKAWA",0.489,0.953,7,-2.881,0,0.0782,0.0109,0,0.142,0.619,95.008,4
spotify:track:30WNOfFRiqgebO4eRkCii8,"GO!!!","GAME","FLOW",2004,236160,64,false,scjo4o2kz9o5tj44pzr24cqzo,2021-12-09T10:44:45Z,"anime,j-rock,j-pop","Sony Music Labels Inc.",0.61,0.963,11,-4.451,1,0.0576,0.075,0,0.256,0.839,133.747,4
spotify:track:5HhYHpxwdGTCO5YK7dycoT,"My Dearest","My Dearest","supercell",2011-11-23,338520,57,false,scjo4o2kz9o5tj44pzr24cqzo,2020-12-29T21:18:50Z,"anime,j-pop,j-rock","Sony Music Labels Inc.",0.394,0.918,0,-2.133,1,0.0628,0.0286,0.00117,0.17,0.324,168.166,4
spotify:track:1hi0P1Y2he1p09xnUccuAN,"Sign","Microcosm","FLOW",2010-07-06,236426,2,false,scjo4o2kz9o5tj44pzr24cqzo,2020-12-29T21:27:13Z,"anime,j-rock,j-pop","Sony Music Labels Inc.",0.368,0.906,11,-2.892,0,0.101,0.0019,0,0.344,0.692,177.956,4
spotify:track:1J1ta5RGonSGZitUDYmvKw,"Kuusou Mesorogiwi","Kuusou Mesorogiwi","Selphius",2019-03-15,237200,26,false,scjo4o2kz9o5tj44pzr24cqzo,2021-12-09T10:44:52Z,"anime","Tootl Records",0.453,0.692,1,-9.977,0,0.0439,0.000285,0.0000126,0.153,0.639,114.976,4
spotify:track:6VBQ4DF4fwPJNA96RbMQWT,"Flyers","POWER OF LIFE","BRADIO",2015-06-03,210083,1,false,scjo4o2kz9o5tj44pzr24cqzo,2020-12-29T21:29:43Z,"anime,j-rock,j-pop","HERO MUSIC ENTERTAINMENT",0.45,0.857,6,-2.35,1,0.0398,0.0167,0,0.202,0.755,139.064,4
spotify:track:3YzeSBP9xQaXIXSegBlyPe,"departure!(TVサイズ)","TVアニメ「HUNTER×HUNTER」キャラクターソング集1","Masatoshi Ono",2012-03-07,83560,0,false,scjo4o2kz9o5tj44pzr24cqzo,2020-12-29T21:31:44Z,"anime","VAP",0.457,0.919,5,-4.454,0,0.0564,0.00951,0,0.323,0.549,160.075,4
spotify:track:5JaYaJnVZ3ZCB4VLvfs3eR,"LIFE","23","Rude-α",2020-03-04,182093,50,false,scjo4o2kz9o5tj44pzr24cqzo,2021-12-09T10:45:07Z,"anime,j-pop","Sony Music Labels Inc.",0.716,0.768,6,-4.452,0,0.1,0.0746,0,0.204,0.826,93.006,4
spotify:track:5OX20COwKL6ab5vnNOt4vx,"IGNITE","Ignite","Eir Aoi",2015-04-01,244853,0,false,scjo4o2kz9o5tj44pzr24cqzo,2020-12-31T14:06:25Z,"anime,j-pop,j-rock","Sony Music Labels Inc.",0.408,0.972,9,-2.416,0,0.255,0.00716,0,0.311,0.416,170.878,4
spotify:track:27iksNpaur1CcH0w8703by,"Shinzo wo Sasageyo! - TV Size","Shinzo wo Sasageyo! (TV Size)","Linked Horizon",2017-04-02,90000,60,false,scjo4o2kz9o5tj44pzr24cqzo,2020-12-31T14:07:17Z,"anime,j-pop","PONY CANYON",0.435,0.953,0,-5.327,1,0.0423,0.246,0,0.123,0.612,79.959,4
spotify:track:21z1GxeHjfD3qkaF5CgCTO,"シルエット","Time","KANA-BOON",2015-01-21,240133,4,false,scjo4o2kz9o5tj44pzr24cqzo,2020-12-31T14:07:26Z,"anime,j-rock,j-pop","Sony Music Labels Inc.",0.436,0.934,2,-2.685,1,0.0507,0.0000105,0.136,0.321,0.383,91.488,4
spotify:track:2XpV9sHBexcNrz0Gyf3l18,"ブルーバード","Chou Ikimonobakari Tennen Kinen Members Best Selection","Ikimonogakari",2006,215706,70,false,scjo4o2kz9o5tj44pzr24cqzo,2020-12-31T14:09:07Z,"anime,j-pop,j-rock","Sony Music Labels Inc.",0.536,0.966,6,-2.929,0,0.0558,0.121,0,0.0477,0.849,152.076,4
spotify:track:0Vf77MNt0pty1QoKVDD4xo,"Jojo Sono Chino Sadame","Jojo Sono Chino Sadame","Hiroaki Tommy Tominaga",2014-10-29,262566,0,false,scjo4o2kz9o5tj44pzr24cqzo,2020-12-31T14:09:55Z,"anime","WaterTower Music",0.429,0.979,7,-2.204,0,0.119,0.0986,0.00000232,0.302,0.434,146.145,4
spotify:track:19Qu5BOV1Y8nDrzgYavYdB,"Gurenge (From ""Demon Slayer: Kimetsu no Yaiba"")","Gurenge (From ""Demon Slayer: Kimetsu no Yaiba"")","Akano",2019-05-10,89783,0,false,scjo4o2kz9o5tj44pzr24cqzo,2020-12-31T14:11:12Z,"anime","Akano",0.656,0.654,7,-7.031,1,0.0346,0.0276,0,0.109,0.612,135.044,4
spotify:track:0qniD6tjpPcGN9imRrBWLg,"RISE","CIRCUS","MADKID",2019-04-24,209226,53,false,scjo4o2kz9o5tj44pzr24cqzo,2020-12-31T14:12:08Z,"anime,j-rock","Nippon Columbia Co., Ltd. / NIPPONOPHONE",0.472,0.929,7,-3.162,1,0.156,0.0197,0,0.345,0.481,165.104,4
spotify:track:5jk82X7QYlmur5m6BtK16v,"嘘","SID 10th Anniversary BEST","SID",2004,204853,0,false,scjo4o2kz9o5tj44pzr24cqzo,2020-12-31T14:18:02Z,"anime,visual kei,j-rock,j-pop","Ki/oon Music Inc.",0.431,0.947,11,-3.417,0,0.0629,0.0175,0,0.265,0.837,179.833,4
spotify:track:7y1WH9vTsjBIWOOpBdfYZa,"Nameless Story (That Time I Got Reincarnated As a Slime)","Nameless Story (That Time I Got Reincarnated As a Slime)","Shayne Orok",2018-10-20,91076,29,false,scjo4o2kz9o5tj44pzr24cqzo,2020-12-31T14:18:36Z,"anime","Shayne Orok",0.578,0.875,3,-5.034,0,0.0542,0.0116,0,0.354,0.55,97.34,4
spotify:track:25U8mDDXbEORrVZBgR2u6g,"光るなら","SUPER BEST アニソン伝説 3","carnivalxenon",2017-02-08,150001,0,false,scjo4o2kz9o5tj44pzr24cqzo,2020-12-31T14:20:25Z,"anime","CHOICE",0.546,0.961,6,-4.142,0,0.177,0.229,0,0.286,0.797,161.191,4
spotify:track:23DbzwNJSLo7nkSWjODMvY,"紅蓮華","Gurenge","LiSA",2019-07-03,238586,1,false,scjo4o2kz9o5tj44pzr24cqzo,2020-12-31T14:20:39Z,"anime,j-pop,j-rock","NITRON concepts",0.545,0.979,4,-2.8,0,0.153,0.00339,0.000118,0.0775,0.309,135.002,4
spotify:track:59Q0WRffEUOu0vhxArxCIG,"Good Morning World!","Good Morning World!","BURNOUT SYNDROMES",2019-08-21,249000,0,false,scjo4o2kz9o5tj44pzr24cqzo,2020-12-31T14:21:04Z,"anime,j-rock,j-pop","Sony Music Labels Inc.",0.468,0.956,0,-1.817,1,0.0712,0.043,0,0.16,0.503,95.537,4
spotify:track:0ggHt5jwwtMsWME2PDB6a0,"COLORS","FLOW the Best: Single Collection","FLOW",2003,218493,0,false,scjo4o2kz9o5tj44pzr24cqzo,2020-12-31T14:22:55Z,"anime,j-rock,j-pop","Sony Music Labels Inc.",0.458,0.877,1,-4.229,1,0.0503,0.0353,0,0.106,0.386,136.034,4
spotify:track:4MorYttxU39XKVoRlCopyz,"QUESTION","QUESTION","3年E組うた担(渚&茅野&業&磯貝&前原)",2016-02-24,266226,50,false,scjo4o2kz9o5tj44pzr24cqzo,2020-12-31T14:23:16Z,"anime","avex pictures",0.439,0.987,7,-2.723,0,0.0717,0.00498,0.000029,0.325,0.663,176.912,4
spotify:track:5Lft98Xsgeb568V3bjRLCj,"7-seven-","7-seven-","FLOW;GRANRODEO",2015-04-01,260760,0,false,scjo4o2kz9o5tj44pzr24cqzo,2020-12-31T14:23:26Z,"anime,j-rock,j-pop","NITRON concepts",0.409,0.928,2,-3.221,1,0.0619,0.000108,0.00000202,0.331,0.775,170.029,4
spotify:track:188vCXc4bAejLqGhpEVBGT,"Jiyuu no Tsubasa","Shingeki no Kiseki","Linked Horizon",2017-05-17,331946,61,false,scjo4o2kz9o5tj44pzr24cqzo,2020-12-31T14:23:49Z,"anime,j-pop","PONY CANYON INC.",0.373,0.972,7,-6.005,1,0.123,0.0619,0.0000331,0.379,0.0759,157.433,4
spotify:track:4lBEQzrXXEBugkN8bfmPPJ,"Seven Deadly Sins","MAN WITH A ""BEST"" MISSION (Deluxe Edition)","MAN WITH A MISSION",2020-07-15,207306,0,false,scjo4o2kz9o5tj44pzr24cqzo,2020-12-31T14:24:53Z,"anime,j-rock,j-pop","Sony Music Labels Inc.",0.32,0.968,8,-0.586,0,0.137,0.0162,0,0.24,0.306,142.809,3
spotify:track:7m7uFwvYtrtHZb2Qw6nT2u,"ハルカミライ","#HAL","KANKAKU PIERO",2017-11-22,176200,1,false,scjo4o2kz9o5tj44pzr24cqzo,2021-01-28T16:36:12Z,"anime,j-rock","JIJI INC.",0.333,0.98,1,-2.904,0,0.172,0.00381,0,0.175,0.408,181.859,4
spotify:track:6IVM1YYZq6K6NG6qqC26o4,"JUSTadICE","JUSTadICE","Seiko Oomori",2019-04-05,232338,54,false,scjo4o2kz9o5tj44pzr24cqzo,2021-01-28T16:36:24Z,"anime,j-rock,j-pop","avex trax",0.404,0.988,0,-1.756,1,0.193,0.00139,0.00419,0.125,0.38,185.051,4
spotify:track:5RXmLhscstsdvWPN0XtUa0,"Black Catcher","Black Catcher","VK Blanka",2020-01-08,195000,65,false,scjo4o2kz9o5tj44pzr24cqzo,2021-01-28T16:36:29Z,"anime,j-pop,j-rock","avex trax",0.595,0.885,11,-5.361,0,0.0358,0.000886,0.00000419,0.159,0.682,100.02,4
spotify:track:4S3aU06ISAWFb0hIdZ4WL8,"PAiNT it BLACK","PAiNT it BLACK","BiSH",2018-01-19,230431,53,false,scjo4o2kz9o5tj44pzr24cqzo,2021-01-28T16:36:55Z,"anime,j-rock,j-pop","avex trax",0.482,0.953,7,-1.444,1,0.0577,0.0198,0,0.105,0.453,105.025,4
spotify:track:4lBliLm5ufCBNPlCzpvrQB,"Guess Who Is Back","DNA","Kumi Koda",2018-08-22,206066,54,false,scjo4o2kz9o5tj44pzr24cqzo,2021-01-28T16:37:05Z,"j-pop,j-r&b,anime","rhythm zone",0.403,0.94,7,-2.791,1,0.16,0.00245,0.00605,0.213,0.417,183.266,4
spotify:track:4fdlzBQlGTgOKLI1sBLhF4,"distance","distance","Long Shot Party",2008-01-23,187026,0,false,scjo4o2kz9o5tj44pzr24cqzo,2021-02-02T13:24:04Z,"anime","Defstar Records Inc.",0.269,0.961,2,-3.359,1,0.137,0.155,0,0.313,0.53,197.925,4
spotify:track:0PY7EFmEa52bsJ12xSq4B5,"青春サツバツ論 - Full size","青春サツバツ論","3年E組うた担(渚&茅野&業&磯貝&前原)",2015-02-18,223000,47,false,scjo4o2kz9o5tj44pzr24cqzo,2021-02-02T13:30:11Z,"anime","avex pictures",0.567,0.983,10,-2.123,0,0.0998,0.0551,0,0.0688,0.499,146.028,4
spotify:track:706e7n479uUY8Q46jGAnaA,"＊〜アスタリスク〜","All the Singles","ORANGE RANGE",2010-07-14,257013,0,false,scjo4o2kz9o5tj44pzr24cqzo,2021-02-02T23:01:35Z,"j-pop,anime,j-rock","Sony Music Records",0.565,0.945,5,-4.78,1,0.05,0.0618,0.00456,0.357,0.617,127.877,4
spotify:track:2iscENxaM7EI43TVSyNUjz,"Touch off","Touch off","UVERworld",2019-03-01,260706,0,false,scjo4o2kz9o5tj44pzr24cqzo,2021-03-08T14:33:04Z,"anime,j-rock,j-pop","NITRON concepts",0.499,0.891,4,-3.757,0,0.046,0.0000286,0.000328,0.28,0.215,99.999,4
spotify:track:2gSkvrwfCXCgqeugzezn97,"廻廻奇譚","廻廻奇譚","Eve",2020-10-03,219234,53,false,scjo4o2kz9o5tj44pzr24cqzo,2021-03-12T12:35:04Z,"anime,j-pop,j-rock,vocaloid,japanse indie","TOY'S FACTORY",0.565,0.919,5,-3.378,0,0.0898,0.0128,0,0.292,0.565,92.325,4
spotify:track:6X9m9JRk2ypGusClUBraII,"楽園","楽園","Fujifabric",2021-01-29,225333,52,false,scjo4o2kz9o5tj44pzr24cqzo,2021-04-29T21:27:24Z,"j-rock,anime,j-pop","Sony Music Labels Inc.",0.561,0.822,2,-5.078,1,0.0848,0.00469,0.00000271,0.092,0.431,97.954,4
spotify:track:0qMip0B2D4ePEjBJvAtYre,"紅蓮華","LEO-NiNE","LiSA",2020-10-14,237586,70,false,scjo4o2kz9o5tj44pzr24cqzo,2021-06-28T17:33:40Z,"anime,j-pop,j-rock","Sony Music Labels Inc.",0.541,0.977,4,-2.828,0,0.157,0.00321,0.0000513,0.0796,0.263,134.938,4
spotify:track:6uT4In9l5gE4cSiMtxFtrC,"ANIMA","ANIMA (Special Edition)","ReoNa",2020-07-22,267177,0,false,scjo4o2kz9o5tj44pzr24cqzo,2021-08-17T11:40:15Z,"anime,j-pop,j-rock","Sony Music Labels Inc.",0.459,0.911,1,-4.568,1,0.114,0.000893,0,0.226,0.475,96.541,4
spotify:track:1WyTIRXPtJzYun8Fsc6Or1,"正解不正解","灯命","CIVILIAN",2021-06-02,250859,35,false,scjo4o2kz9o5tj44pzr24cqzo,2021-08-17T18:44:22Z,"anime,j-rock","Sony Music Labels Inc.",0.47,0.865,5,-3.558,0,0.0646,0.000119,0.000298,0.113,0.483,102.914,4
spotify:track:3IDF7N86lrcWaJEt9C1gbS,"Cry Baby","Cry Baby","OFFICIAL HIGE DANDISM",2021-05-07,240284,59,false,scjo4o2kz9o5tj44pzr24cqzo,2021-08-23T19:41:33Z,"j-pop,anime,j-rock","IRORI Records",0.318,0.902,1,-4.605,1,0.131,0.0116,0,0.393,0.437,199.844,4
spotify:track:1mV4Ti0I8kZF3Dd72qPEW5,"Brand New World","Mitsuyoko Ichimura (Standard Edition)","D-51",2017-11-01,258440,57,false,scjo4o2kz9o5tj44pzr24cqzo,2021-09-21T08:32:36Z,"anime,j-pop","PONY CANYON INC.",0.568,0.98,1,-4.368,1,0.151,0.00131,0.0000014,0.436,0.65,160.1,4
spotify:track:49u6NxoLP5S6kfTYLmUfkQ,"asphyxia","asphyxia","Cö shu Nie",2018-04-04,174780,0,false,scjo4o2kz9o5tj44pzr24cqzo,2021-09-21T08:34:17Z,"anime,j-rock,j-pop","Sony Music Labels Inc.",0.253,0.932,5,-3.346,1,0.201,0.0348,0,0.319,0.334,112.409,4
spotify:track:2myR1tzmscTcGc3gBGcSov,"イマジネーション","Four (Standard Edition)","SPYAIR",2015-11-18,176640,0,false,scjo4o2kz9o5tj44pzr24cqzo,2021-09-21T08:36:01Z,"anime,j-rock,j-pop","Sony Music Labels Inc.",0.488,0.937,1,-2.972,1,0.0555,0.00233,0.0000232,0.134,0.614,101.959,4
spotify:track:1CQixWcnuNxtfQJcnNlYr5,"Refrain Boy","Refrain Boy","ALL OFF",2016-09-01,211000,0,false,scjo4o2kz9o5tj44pzr24cqzo,2021-09-21T08:36:55Z,"anime,j-rock","WaterTower Music",0.473,0.869,1,-6.902,1,0.0384,0.000012,0.000061,0.107,0.862,95.048,4
spotify:track:74ZcoP9bqvEvCBJrpEQ3T6,"Seven Doors","トリニティセブン オープニング・ソング「Seven Doors」","ZAQ",2014-11-19,236653,45,false,scjo4o2kz9o5tj44pzr24cqzo,2021-09-21T08:38:03Z,"anime,j-pop,j-rock","avex pictures",0.596,0.95,2,-2.718,0,0.0609,0.00553,0,0.291,0.628,101.463,4
spotify:track:5s0AxcVJJD2YYPstMb61ro,"Goya No Machiawase","Masked Monkey Awakening","Hello Sleepwalkers",2014-02-19,170640,41,false,scjo4o2kz9o5tj44pzr24cqzo,2021-09-21T08:39:15Z,"j-rock,anime,j-pop","Aer-born",0.406,0.959,0,-3.014,1,0.0952,0.000891,0,0.327,0.571,94.277,4
spotify:track:1Iexk6Gy5GJLxeXD5fqf85,"Howling","Howling","FLOW;GRANRODEO",2018-01-24,261546,47,false,scjo4o2kz9o5tj44pzr24cqzo,2021-09-21T08:40:15Z,"anime,j-rock,j-pop","NITRON concepts",0.507,0.949,0,-1.701,1,0.0561,0.000106,0,0.087,0.49,99.973,4
spotify:track:77tRs6Jx8grzUdJYwEbvdy,"L.L.L.","eYe's","MYTH & ROID",2017-04-26,216186,0,false,scjo4o2kz9o5tj44pzr24cqzo,2021-09-21T08:40:57Z,"anime,j-rock,j-pop","メディアファクトリー",0.556,0.902,4,-3.603,0,0.11,0.0231,0.00000143,0.403,0.701,104.132,4
spotify:track:2gw3kw9PxjpeUAVRRgRLsh,"FAITH","CIRCUS","MADKID",2019-04-24,203160,48,false,scjo4o2kz9o5tj44pzr24cqzo,2021-09-21T08:50:22Z,"anime,j-rock","Nippon Columbia Co., Ltd. / NIPPONOPHONE",0.53,0.957,5,-3.518,0,0.17,0.0013,0,0.274,0.655,157.035,4
spotify:track:75SKlkZrcOX32dseIE8l4O,"ラヴァーズ","Anipps","7!!",2011,221973,0,false,scjo4o2kz9o5tj44pzr24cqzo,2021-09-21T08:53:50Z,"anime,j-pop","Sony Music Labels Inc.",0.498,0.957,11,-2.709,1,0.147,0.0041,0,0.0638,0.672,163.761,4
spotify:track:3LXpZ28ebxPHH1aUc9167L,"Ah Yeah!!","スキマスイッチ","Sukima Switch",2014-12-03,308066,49,false,scjo4o2kz9o5tj44pzr24cqzo,2021-09-21T09:06:51Z,"j-pop,anime","Universal Music LLC",0.481,0.933,8,-5.447,1,0.0445,0.00505,0.00000325,0.044,0.502,140.061,4
spotify:track:1cwyVFkkRiuNxBf69SAP9H,"アイム・ア・ビリーバー","BEST OF THE BEST","SPYAIR",2021-08-11,218520,42,false,scjo4o2kz9o5tj44pzr24cqzo,2021-09-21T09:09:11Z,"anime,j-rock,j-pop","Sony Music Labels Inc.",0.363,0.968,3,-2.339,1,0.101,0.0000582,0,0.0646,0.628,193.998,4
spotify:track:1crppkct2XS64lCmRj0WCq,"No Continue","No Continue","Akari Kito",2021-07-13,245920,22,false,scjo4o2kz9o5tj44pzr24cqzo,2021-09-30T09:41:02Z,"anime,j-pop","PONY CANYON INC.",0.53,0.967,3,-2.962,0,0.376,0.000211,0.00868,0.3,0.35,135.056,4
spotify:track:7lDQmAjCPGHMBEP4PrzvTn,"Like Flames","Like Flames","MindaRyn",2021-08-25,250757,39,false,scjo4o2kz9o5tj44pzr24cqzo,2021-09-30T10:18:49Z,"anime,j-rock","Lantis",0.499,0.89,7,-8.256,0,0.0508,0.00145,0.0000138,0.345,0.609,175.011,4
spotify:track:6eU0FN18xGGvz3aAyqSDnt,"Grandeur (Black Clover)","Grandeur (Black Clover)","Nordex",2021-01-09,142957,0,false,scjo4o2kz9o5tj44pzr24cqzo,2021-12-07T13:17:04Z,"anime","Arcadia Studio",0.555,0.915,5,-4.87,0,0.117,0.0356,0,0.218,0.28,128.083,4
spotify:track:4v1AlpWyUrz8tBdxbV3VeI,"Stories (Black Clover)","Stories (Black Clover)","Nordex",2020-04-08,103039,0,false,scjo4o2kz9o5tj44pzr24cqzo,2021-12-09T10:47:55Z,"anime","Arcadia Studio",0.44,0.668,11,-7.084,0,0.0482,0.00512,0,0.11,0.355,176.825,4
spotify:track:3zLCX1TGMpsA67cW2pq6ut,"永遠に光れ (Everlasting Shine)","DRAMA","TOMORROW X TOGETHER",2020-08-18,191146,56,false,scjo4o2kz9o5tj44pzr24cqzo,2021-12-09T10:48:28Z,"k-pop","Universal Music LLC",0.527,0.891,7,-1.511,0,0.0724,0.119,0,0.208,0.39,127.097,4
spotify:track:1AZKHiqBKfdBxVcWUnJJUj,"sky & blue","sky & blue","GIRLFRIEND",2019-08-28,238128,47,false,scjo4o2kz9o5tj44pzr24cqzo,2021-12-09T10:48:50Z,"anime,j-rock","avex trax",0.532,0.938,1,-2.713,1,0.0636,0.031,0,0.187,0.802,157.032,4
spotify:track:1mK1HDtie9WU6DAw3VAC4r,"RiGHT NOW","RiGHT NOW","EMPiRE",2019-10-16,212690,50,false,scjo4o2kz9o5tj44pzr24cqzo,2021-12-09T10:48:54Z,"anime","avex trax",0.402,0.961,6,-2.235,1,0.133,0.0445,0.00000286,0.904,0.312,154.97,4
spotify:track:1MEJ1Lj7X9UUEs0yW4JEoA,"No.7","No.7","Jibaku Shonen Band",2020-02-12,232413,51,false,scjo4o2kz9o5tj44pzr24cqzo,2021-12-09T10:51:09Z,"anime","PONY CANYON INC.",0.428,0.942,6,-3.667,1,0.211,0.0000634,0.0000141,0.276,0.431,94.919,4
spotify:track:3QjIdDDKoZRyfWDKZC4Ayb,"History Maker","History Maker","DEAN FUJIOKA",2016-10-07,190044,38,false,scjo4o2kz9o5tj44pzr24cqzo,2021-12-09T10:51:24Z,"anime","A-Sketch",0.397,0.668,9,-4.292,1,0.0855,0.102,0,0.0744,0.456,67.012,4
spotify:track:5IWoELyLE7ZEu7dQsNf4T0,"Vital (From ""Angels of Death Animation"")","Vital (From ""Angels of Death Animation"")","Nordex",2018-08-14,88842,0,false,scjo4o2kz9o5tj44pzr24cqzo,2021-12-09T10:51:34Z,"anime","Arcadia Studio",0.552,0.949,2,-7.008,1,0.0606,0.0036,0.00106,0.33,0.495,100.041,4
spotify:track:0yy8QwH9OOgeF3CBeUDguR,"ODD FUTURE","ODD FUTURE","UVERworld",2018-07-27,225906,54,false,scjo4o2kz9o5tj44pzr24cqzo,2021-12-09T10:52:24Z,"anime,j-rock,j-pop","Sony Music Labels Inc.",0.694,0.795,0,-4.649,0,0.0924,0.015,0,0.114,0.556,128.036,4
spotify:track:3ZsH2zff1zBe1vYCQGIS8m,"ASH","LiSA Best (Way)","LiSA",2018-05-09,238706,0,false,scjo4o2kz9o5tj44pzr24cqzo,2021-12-09T10:52:40Z,"anime,j-pop,j-rock","Sony Music Labels Inc.",0.459,0.947,10,-2.783,0,0.0738,0.0117,0.0000198,0.321,0.326,95.916,4
spotify:track:7HAkrW8JUYoVR9dXwb6Uku,"ホタルノヒカリ","Hajimarinouta","Ikimonogakari",2009-12-23,242293,1,false,scjo4o2kz9o5tj44pzr24cqzo,2021-12-09T10:53:46Z,"anime,j-pop,j-rock","Epic Records Japan",0.566,0.919,2,-1.901,0,0.0639,0.0666,0,0.34,0.55,146.99,4
spotify:track:1htJGL473Dub5QGKecXi9R,"だってアタシのヒーロー。","LiSA Best (Day)","LiSA",2018-05-09,234266,0,false,scjo4o2kz9o5tj44pzr24cqzo,2021-12-09T10:53:53Z,"anime,j-pop,j-rock","Sony Music Labels Inc.",0.531,0.985,8,-1.528,1,0.13,0.0275,0,0.197,0.321,94.467,4
spotify:track:3rrWCRsavfW6dTuzeyvbPp,"Redo (Re:ゼロから始める異世界生活)","熱烈！アニソン魂 ULTIMATEカバーシリーズ2017 JAPAN ANIMESONG COLLECTION mini vol.4","平間美賀",2017-11-22,256736,43,false,scjo4o2kz9o5tj44pzr24cqzo,2021-12-09T10:54:02Z,"anime","fyto inc.",0.416,0.909,8,-2.622,1,0.312,0.0314,0,0.33,0.388,189.907,4
spotify:track:5LofWHcbJDyigPahX57hgY,"Hajimete no Kakumei!","Hajimete no Kakumei!","DIALOGUE+",2019-10-04,231733,0,false,scjo4o2kz9o5tj44pzr24cqzo,2021-12-09T10:54:33Z,"anime,j-pop","PONY CANYON INC.",0.526,0.984,7,-2.053,1,0.122,0.0134,0.000827,0.139,0.798,93.397,4
spotify:track:1dGF5ymTyBB2ZmOypkeU1F,"veil","porte","須田景凪",2019-08-21,209636,59,false,scjo4o2kz9o5tj44pzr24cqzo,2021-12-09T10:54:43Z,"anime,j-pop,j-rock","WM Japan",0.559,0.873,0,-4.401,0,0.0543,0.0281,0,0.185,0.797,150.055,4
spotify:track:5hbg2YisSRgoGG85pl0g1F,"センチメートル","センチメートル","the peggies",2020-07-18,227040,0,false,scjo4o2kz9o5tj44pzr24cqzo,2021-12-09T10:55:27Z,"anime,j-rock,j-pop,japanse indie","Sony Music Labels Inc.",0.563,0.924,2,-2.367,1,0.0351,0.0042,0,0.206,0.847,139.939,4
spotify:track:4IlgFE3fR0XvtOXtu5cXIf,"BLESS YoUr NAME","BLESS YoUr NAME","ChouCho",2015-04-15,281200,0,false,scjo4o2kz9o5tj44pzr24cqzo,2021-12-09T11:00:47Z,"anime,j-pop","Lantis",0.491,0.973,6,-2.312,1,0.06,0.025,0,0.397,0.488,95.044,4
spotify:track:2lKQZtNWLQyY9BiHOHUG22,"激情論","NOISY Lab.","ZAQ",2014-04-16,256532,39,false,scjo4o2kz9o5tj44pzr24cqzo,2021-12-09T11:00:55Z,"anime,j-pop,j-rock","Lantis",0.534,0.974,11,-2.757,1,0.211,0.0481,0,0.168,0.496,82.931,4
spotify:track:5XoWKTDDSIV4ftzSCKxMqY,"SWITCH","SWITCH","minami",2018-04-25,224013,36,false,scjo4o2kz9o5tj44pzr24cqzo,2021-12-09T11:01:01Z,"anime","Lantis",0.504,0.964,6,-3.455,1,0.146,0.0173,0,0.339,0.681,160.968,4
spotify:track:3IOpaj1JAUK254P4TyJEVQ,"色香水","色香水","Yoh kamiyama",2021-03-10,253053,47,false,scjo4o2kz9o5tj44pzr24cqzo,2021-12-09T11:01:35Z,"anime,j-pop,japanse indie,j-rock","Sony Music Labels Inc.",0.615,0.856,7,-5.185,1,0.0276,0.0591,0.000172,0.289,0.726,147.988,4
spotify:track:43g4FWgZYVNzAKghSoN4y0,"glimmer","あめにながす","sajou no hana",2018-12-26,194385,0,false,scjo4o2kz9o5tj44pzr24cqzo,2021-12-09T11:02:01Z,"anime,j-rock,j-pop","flos somnium",0.642,0.816,5,-5.482,0,0.0278,0.111,0,0.303,0.861,92.986,4
spotify:track:4qQTqlOWCftZYufh9uUzO9,"旅人の唄","旅人の唄","大原ゆい子",2021-01-11,264087,43,false,scjo4o2kz9o5tj44pzr24cqzo,2021-12-09T11:04:05Z,"anime,j-pop","TOHO animation RECORDS",0.404,0.668,10,-5.746,0,0.0303,0.0137,0.000326,0.123,0.495,136.98,3
spotify:track:5daVidzZKM9rjtrdiPvcWS,"KEEP WEAVING YOUR SPIDER WAY","OPENING THEME FROM TV SERIES ”SO I'M SPIDER, SO WHAT?”","安月名莉子",2021-01-27,260799,0,false,scjo4o2kz9o5tj44pzr24cqzo,2021-12-09T11:05:17Z,"anime","KADOKAWA",0.559,0.973,1,-3.01,1,0.0891,0.000624,0.0000328,0.173,0.24,104.007,4
spotify:track:1uc0mhifmcwgxVdPamhmkp,"THEME SONG OF KUMOKO","ENDING THEME FROM TV SERIES ""SO I'M SPIDER, SO WHAT?"" THEME SONG OF KUMOKO","「私」(CV:悠木碧)",2021-01-27,240682,32,false,scjo4o2kz9o5tj44pzr24cqzo,2021-12-09T11:05:29Z,"anime","KADOKAWA",0.483,0.993,4,-1.992,0,0.36,0.0866,0.00159,0.158,0.456,94.894,4
spotify:track:3NsR2xGHavqVsVDTT7i38A,"BURSTY GREEDY SPIDER","SECONG OPENING THEME FROM TV SERIES ""SO I'M A SPIDER, SO WHAT?"" BURSTY GREEDY SPIDER","Konomi Suzuki",2021-05-07,220400,35,false,scjo4o2kz9o5tj44pzr24cqzo,2021-12-09T11:05:35Z,"anime,j-pop,j-rock","KADOKAWA",0.439,0.98,6,-3.084,0,0.211,0.00106,0.00000141,0.31,0.54,178.037,4
spotify:track:2qEIVphvwMEkE35CXxdWAT,"Deal with the devil","Deal with the devil","Tia",2017-08-23,282546,58,false,scjo4o2kz9o5tj44pzr24cqzo,2021-12-31T16:34:29Z,"anime","DIVEIIentertainment",0.492,0.939,2,-1.596,1,0.158,0.0232,0.000196,0.304,0.693,141.942,4
spotify:track:6w969Gr8VhF02vaHs67oo9,"La Espada","La Espada","Eternal Raijin",2020-02-08,177245,0,false,scjo4o2kz9o5tj44pzr24cqzo,2022-01-08T14:59:30Z,"phonk","1808878 Records DK",0.781,0.835,9,-7.093,0,0.0415,0.125,0.901,0.145,0.682,130.059,4
spotify:track:2vDPSojrX4aL7aiCPD7kja,"Harukamirai","Iroirotoiro","KANKAKU PIERO",2018-02-21,177106,64,false,scjo4o2kz9o5tj44pzr24cqzo,2022-02-15T10:42:09Z,"anime,j-rock","JIJI INC.",0.459,0.99,9,-1.083,1,0.128,0.0102,0.00000498,0.307,0.458,91.006,4
spotify:track:7K2YGhLjYz58iIMwLx31Th,"ADAMAS - LEO-NiNE ver.","LEO-NiNE","LiSA",2020-10-14,223680,32,false,scjo4o2kz9o5tj44pzr24cqzo,2022-06-04T18:57:51Z,"anime,j-pop,j-rock","Sony Music Labels Inc.",0.53,0.987,6,-2.258,0,0.125,0.00157,0.0000427,0.31,0.415,95.492,4
spotify:track:17VP4tofJ3evJbtY8Tk1Qi,"il vento d'oro","JOJO'S BIZARRE ADVENTURE -Golden Wind O.S.T vol.1 Overture","Yugo Kanno",2018-12-19,295575,64,false,scjo4o2kz9o5tj44pzr24cqzo,2022-08-01T16:29:46Z,"anime","ワーナー ブラザース ジャパン",0.491,0.915,11,-4.834,1,0.143,0.00652,0.125,0.0906,0.582,134.947,4
spotify:track:7moI0CrJbEA3uIGnfcJJAv,"頭ん中DEAD END（unknown Vo：10fu）","頭ん中DEAD END（unknown Vo：10fu）","レトベア",2022-07-10,193822,29,false,scjo4o2kz9o5tj44pzr24cqzo,2022-08-02T10:32:48Z,"anime","FlyingDog",0.748,0.914,8,-2.653,0,0.0712,0.0267,0.0000163,0.341,0.815,141.956,4
spotify:track:5f9RyYycXAdDHNJvmCnPgh,"Drown","eyes","milet",2020-06-03,214373,54,false,scjo4o2kz9o5tj44pzr24cqzo,2022-09-28T16:56:06Z,"anime,j-pop,j-rock","Sony Music Labels Inc.",0.436,0.61,9,-4.212,0,0.033,0.01,0.000129,0.349,0.353,179.921,4
spotify:track:0Llbfz84JN3LgAO3E84K79,"Wild Side (From ""Beastars"")","Wild Side (From ""Beastars"")","We.B",2020-11-26,155951,0,false,scjo4o2kz9o5tj44pzr24cqzo,2022-09-28T16:56:47Z,"","We.B",0.689,0.819,0,-9.104,0,0.0706,0.111,0,0.311,0.755,134.04,4
spotify:track:6qWEpnyU43Bcrx3vfbGuVm,"Touch You","アニメ『ヤリチン☆ビッチ部』主題歌「Touch You」","遠野高志;加島優;矢口恭介;ジミー;百合絢斗;田村唯;明美圭一;糸目幸士郎;鹿谷樹",2018-08-15,206180,69,false,scjo4o2kz9o5tj44pzr24cqzo,2022-09-28T16:57:07Z,"anime","TOHO animation RECORDS",0.603,0.964,8,-2.886,0,0.0487,0.00655,0.00000304,0.143,0.796,135.028,4
spotify:track:3hRqmUI4Mzh5h0drGk24AF,"WINNER","WINNER","仲村宗悟",2022-10-16,212425,0,false,scjo4o2kz9o5tj44pzr24cqzo,2023-01-01T20:33:23Z,"anime","Lantis",0.641,0.723,10,-8.586,0,0.042,0.0253,0.00000157,0.159,0.842,91.133,4
spotify:track:0lPfqcI3A8gQ9971nXxgq6,"カオスが極まる","カオスが極まる","UNISON SQUARE GARDEN",2022-10-19,230586,53,false,scjo4o2kz9o5tj44pzr24cqzo,2023-01-01T20:33:31Z,"anime,j-rock,j-pop","Toy's Factory",0.435,0.963,2,-3.581,1,0.233,0.00641,0,0.315,0.251,97.545,4
spotify:track:6ZRxnIHvjN0qTVRwz3PLtO,"Smells Blood","DEVILMAN crybaby (Original Soundtrack)","kensuke ushio",2018-01-10,109280,60,false,scjo4o2kz9o5tj44pzr24cqzo,2023-02-08T14:14:40Z,"anime","Aniplex Inc.",0.641,0.598,4,-8.485,0,0.0426,0.000586,0.863,0.121,0.161,109.999,4
spotify:track:3yBeQAxk5Jb6bzvUpqu5qX,"Paradise","Paradise","Rude-α",2021-01-10,173626,52,false,scjo4o2kz9o5tj44pzr24cqzo,2023-02-08T14:14:57Z,"anime,j-pop","Sony Music Labels Inc.",0.554,0.964,4,-3.054,0,0.134,0.00216,0,0.109,0.897,161.013,4
spotify:track:3VrKkcEm7RYXBI9RLv7SL7,"冬のはなし","gift","ギヴン",2020-08-26,208906,65,false,scjo4o2kz9o5tj44pzr24cqzo,2023-02-08T14:16:16Z,"anime,j-pop","Sony Music Labels Inc.",0.447,0.973,5,-1.447,1,0.0728,0.000851,0,0.307,0.383,134.914,4
spotify:track:1ZBhrIxwuiDVB0NDkyekgN,"るるちゃんの自殺配信","児童カルテ","Shinsei Kamattechan",2019-11-01,239255,53,false,scjo4o2kz9o5tj44pzr24cqzo,2023-02-08T14:16:50Z,"anime","WM Japan",0.357,0.873,0,-4.59,0,0.0375,0.00233,0.00000157,0.229,0.858,198.156,4
spotify:track:6MCjmGYlw6mQVWRFVgBRvB,"夜に駆ける","THE BOOK","YOASOBI",2021-01-06,258840,71,false,scjo4o2kz9o5tj44pzr24cqzo,2023-02-08T14:18:16Z,"j-pop,anime","YOASOBI",0.663,0.871,8,-5.287,1,0.03,0.00299,0.0000018,0.337,0.826,130.025,4
spotify:track:3khEEPRyBeOUabbmOPJzAG,"KICK BACK","KICK BACK","Kenshi Yonezu",2022-10-12,193495,75,false,scjo4o2kz9o5tj44pzr24cqzo,2023-02-08T14:19:24Z,"j-pop,anime,j-rock","Sony Music Labels Inc.",0.577,0.941,1,-5.17,1,0.105,0.00207,0.00000336,0.0891,0.292,101.921,4
spotify:track:2Ki75pelh5CN76epdEEmgk,"BAKU","WHO?","Ikimonogakari",2021-03-31,227706,40,false,scjo4o2kz9o5tj44pzr24cqzo,2023-02-08T14:19:49Z,"anime,j-pop,j-rock","Sony Music Labels Inc.",0.638,0.945,1,-3.348,0,0.0411,0.0727,0,0.0957,0.756,113.988,4
spotify:track:543jStmHR1VrSfpxmjUIn6,"フィクション","Chime","sumika",2019-03-13,230760,59,false,scjo4o2kz9o5tj44pzr24cqzo,2023-02-08T14:20:43Z,"j-pop,anime,j-rock","Sony Music Labels Inc.",0.658,0.94,2,-2.427,1,0.0339,0.144,0,0.101,0.694,122.992,4
spotify:track:7md7CglfYIdzVPco9bdQMy,"Zenzenzense - movie ver.","Your Name. (Deluxe Edition / Original Motion Picture Soundtrack)","RADWIMPS",2017-01-27,284400,0,false,scjo4o2kz9o5tj44pzr24cqzo,2023-02-08T14:22:10Z,"anime,j-pop,j-rock","Universal Music Group",0.343,0.903,11,-4.015,1,0.144,0.000405,0,0.0868,0.62,189.786,4
spotify:track:1fPWFs6GjcSXknQKa6YKIh,"The Perfect World","B: The Beginning THE IMAGE ALBUM","Marty Friedman;Jean-Ken Johnny;KenKen",2018-03-07,296724,42,false,scjo4o2kz9o5tj44pzr24cqzo,2023-02-08T14:22:23Z,"neoklassiek","cutting edge",0.545,0.96,1,-4.867,0,0.171,0.0127,0,0.368,0.183,119.957,4
spotify:track:3Qy7j6GkdY3ycf3E7dxfpJ,"空と虚","空と虚","sasanomaly",2021-09-08,221304,47,false,scjo4o2kz9o5tj44pzr24cqzo,2023-02-08T14:23:09Z,"anime,vocaloid,j-pop","Sony Music Labels Inc.",0.671,0.756,5,-5.046,0,0.0302,0.00502,0.00361,0.322,0.848,103.987,4
spotify:track:7F3R31tU4vNWrdsjNrURQX,"Bokurano","Bokurano","Eve",2023-01-08,212708,58,false,scjo4o2kz9o5tj44pzr24cqzo,2023-02-08T14:23:20Z,"anime,j-pop,j-rock,vocaloid,japanse indie","TOY'S FACTORY",0.443,0.841,1,-5.245,1,0.0813,0.00105,0,0.177,0.526,182.971,4
spotify:track:37vujUbX37xoBmwoddMYck,"FightSong","FightSong","Eve",2022-12-28,208964,55,false,scjo4o2kz9o5tj44pzr24cqzo,2023-02-08T14:23:41Z,"anime,j-pop,j-rock,vocaloid,japanse indie","TOY'S FACTORY",0.507,0.966,6,-4.046,1,0.0952,0.000382,0.00000126,0.349,0.752,125.913,4
spotify:track:7tmRSzIL7JNYnIXCLTY1zF,"Phantom Joke","Patrick Vegee","UNISON SQUARE GARDEN",2020-09-30,241946,35,false,scjo4o2kz9o5tj44pzr24cqzo,2023-02-08T14:25:42Z,"anime,j-rock,j-pop","TOY'S FACTORY",0.492,0.972,10,-3.273,1,0.113,0.000374,0,0.34,0.765,99.961,4
spotify:track:3k64vNcgYPkETG7TNgpW4o,"裸の勇者","裸の勇者","Vaundy",2022-01-07,201973,61,false,scjo4o2kz9o5tj44pzr24cqzo,2023-02-08T14:26:34Z,"j-pop,japanse indie,j-rock,anime","Sony Music Labels Inc.",0.442,0.888,9,-5.747,0,0.121,0.0127,0.000727,0.2,0.435,163.032,4
spotify:track:6k0X05danQOXSBTVek5DU1,"The Rumbling","The Rumbling","SiM",2022-02-07,220799,70,false,scjo4o2kz9o5tj44pzr24cqzo,2023-02-08T14:26:43Z,"anime,j-rock","PONY CANYON INC.",0.459,0.878,5,-1.399,0,0.0688,0.0000562,0.000307,0.371,0.494,144.852,4
spotify:track:2UkcZV07LP39NQg9tGBvnh,"ばかじゃないのに","ばかじゃないのに","ZUTOMAYO",2021-07-04,256439,43,false,scjo4o2kz9o5tj44pzr24cqzo,2023-02-08T14:27:28Z,"j-pop,j-rock,anime,japanse indie","Universal Music LLC",0.676,0.937,9,-3.545,0,0.083,0.17,0.00000635,0.341,0.739,150.974,4
spotify:track:1VTQWqFuk3ZOwk8itatj7k,"The Gong of Knockout","The Gong of Knockout","Fear, and Loathing in Las Vegas",2019-06-08,210345,34,false,scjo4o2kz9o5tj44pzr24cqzo,2023-02-08T14:27:47Z,"anime,j-rock","WM Japan",0.197,0.994,8,-1.721,1,0.324,0.000193,0.00000238,0.139,0.197,179.937,4
spotify:track:3KhwEuqLNjHfsKaBDo1yVh,"Boku no Sensou","Boku no Sensou","Shinsei Kamattechan",2021-02-22,280466,62,false,scjo4o2kz9o5tj44pzr24cqzo,2023-02-08T14:28:31Z,"anime","PONY CANYON INC.",0.473,0.936,2,-4.877,1,0.0704,0.00916,0.0422,0.31,0.416,144.014,4
spotify:track:06XQvnJb53SUYmlWIhUXUi,"怪物","怪物","YOASOBI",2021-01-06,206000,67,false,scjo4o2kz9o5tj44pzr24cqzo,2023-02-08T14:28:57Z,"j-pop,anime","YOASOBI",0.627,0.824,1,-3.419,1,0.118,0.0699,0.0000657,0.31,0.774,169.935,4
spotify:track:7LVsLHXVLscS5xY7q50TLT,"Koko de Iki wo Shite","Koko de Iki wo Shite","eill",2021-04-09,216672,43,false,scjo4o2kz9o5tj44pzr24cqzo,2023-02-08T14:30:03Z,"j-pop,j-r&b,anime,japanse indie","PONY CANYON INC.",0.671,0.76,8,-2.852,1,0.057,0.0639,0,0.124,0.796,107.007,4
spotify:track:08oH4bSxeZ5KxZOGjJkwRK,"Dororo","Dororo / Liberated Zone","ASIAN KUNG-FU GENERATION",2019-05-15,161453,0,false,scjo4o2kz9o5tj44pzr24cqzo,2023-02-08T14:30:19Z,"j-rock,anime,j-pop","Sony Music Labels Inc.",0.583,0.746,11,-5.557,0,0.0336,0.000364,0.000977,0.0739,0.513,92.542,4
spotify:track:4k5g6HNKtrWbYDllw2Dyp0,"足跡","足跡","the peggies",2021-03-28,227973,50,false,scjo4o2kz9o5tj44pzr24cqzo,2023-02-08T14:30:28Z,"anime,j-rock,j-pop,japanse indie","Sony Music Labels Inc.",0.388,0.791,9,-2.25,1,0.0358,0.00077,0.0000241,0.116,0.775,163.943,4
spotify:track:3Uh5R8BfB0iSZSlgA7JdhV,"Kaen - From ""Dororo""","Kaen (From ""Dororo"")","Shayne Orok",2019-01-31,88588,0,false,scjo4o2kz9o5tj44pzr24cqzo,2023-02-08T14:32:16Z,"anime","Shayne Orok",0.497,0.877,2,-6.119,1,0.181,0.00972,0,0.372,0.366,169.991,4
spotify:track:1FNHnj59xiQ7EFMOJBhLcp,"Dramaturgy","bunka","Eve",2017-12-20,238180,0,false,scjo4o2kz9o5tj44pzr24cqzo,2023-02-08T14:33:07Z,"anime,j-pop,j-rock,vocaloid,japanse indie","harapeco records",0.589,0.901,3,-1.733,0,0.0876,0.0188,0,0.159,0.702,149.05,4
spotify:track:5no7mcSWpXEiA9TfsOcIEd,"お願いマッスル","TVアニメ「ダンベル何キロ持てる？」OPテーマ「お願いマッスル」/EDテーマ「マッチョアネーム？」","紗倉ひびき(CV:ファイルーズあい);街雄鳴造(CV:石川界人)",2019-07-24,220865,45,false,scjo4o2kz9o5tj44pzr24cqzo,2023-02-08T14:33:22Z,"anime","KADOKAWA",0.725,0.959,5,-1.02,0,0.0438,0.071,0.0000961,0.347,0.873,132.05,4
spotify:track:2s5xz9kOCcdwLSpM2ygl9l,"HEKIREKI","new dawn","LAST ALLIANCE",2009-03-04,249346,0,false,scjo4o2kz9o5tj44pzr24cqzo,2023-02-08T14:34:55Z,"j-rock,anime,visual kei","VAP",0.549,0.98,10,-1.946,1,0.137,0.00235,0.000755,0.176,0.421,130.037,4
spotify:track:6jZBvlt3xG6gdPh1vFMBhs,"航海の唄","About a Voyage (My Hero Academia Ending Theme Song) [World Edition]","Sayuri",2019-11-29,284133,46,false,scjo4o2kz9o5tj44pzr24cqzo,2023-02-08T14:35:08Z,"anime,j-pop,j-rock","Sony Music Labels Inc.",0.359,0.949,6,-0.413,0,0.0841,0.0124,0.00511,0.0352,0.302,180.025,4
spotify:track:6ylRKDPOe41x4Gi8c00ulP,"oath sign","LOVER""S""MiLE","LiSA",2012-02-22,250800,0,false,scjo4o2kz9o5tj44pzr24cqzo,2023-02-08T14:36:01Z,"anime,j-pop,j-rock","Aniplex Inc.",0.528,0.935,6,-1.114,0,0.0678,0.0705,0,0.326,0.55,152.06,4
spotify:track:3xQBvKxm8mdy9OBLiJDcwB,"ブラッドサーキュレーター","Best Hit AKG 2 (2012-2018)","ASIAN KUNG-FU GENERATION",2018-03-28,222826,1,false,scjo4o2kz9o5tj44pzr24cqzo,2023-02-08T14:36:11Z,"j-rock,anime,j-pop","Sony Music Labels Inc.",0.384,0.975,0,-2.854,1,0.123,0.0494,0,0.331,0.298,180.97,4
spotify:track:3x4378ztiLvFmm2nuzEI0C,"The Cruel Angel's Thesis (Director's Edit Version)","NEON GENESIS EVANGELION (Original Series Soundtrack)","高橋　洋子",2019-06-21,245093,64,false,scjo4o2kz9o5tj44pzr24cqzo,2023-02-23T17:49:48Z,"city pop,anime","Masterworks",0.646,0.677,0,-9.477,0,0.0432,0.0337,0.000002,0.13,0.588,128.125,4
spotify:track:5WQAussByRFjUWYQDowtHE,"スカー","スカー","Tatsuya Kitani",2022-10-18,259191,54,false,scjo4o2kz9o5tj44pzr24cqzo,2023-02-23T17:54:31Z,"anime,j-pop,j-rock","Sony Music Labels Inc.",0.411,0.955,1,-3.324,1,0.245,0.00704,0,0.371,0.41,193.021,4
spotify:track:4xeWELPxBZKhhCrUr84jmp,"DADDY ! DADDY ! DO !","ALL TIME ROCK 'N' ROLL","Masayuki Suzuki;鈴木愛理",2020-04-15,254640,64,false,scjo4o2kz9o5tj44pzr24cqzo,2023-02-23T18:22:53Z,"anime,j-pop,kayokyoku,city pop","Sony Music Labels Inc.",0.684,0.815,8,-3.826,0,0.0496,0.322,0,0.12,0.819,138.104,4
spotify:track:2C7DrdqoU4U7Wc0vZRVi21,"ぼなぺてぃーと▽S","ぼなぺてぃーと▽S／デタラメなマイナスとプラスにおけるブレンド考","ブレンド・A",2017-11-22,255040,47,false,scjo4o2kz9o5tj44pzr24cqzo,2023-02-23T18:48:49Z,"anime","Aniplex Inc.",0.624,0.951,5,-2.899,1,0.17,0.136,0.0000171,0.296,0.636,152.047,4
spotify:track:1ylnqO4n7fgBRYz8AD6tdH,"Flashback","SAMURAI SESSIONS vol.2","MIYAVI;Ken Ken",2017-11-08,180426,55,false,scjo4o2kz9o5tj44pzr24cqzo,2023-02-23T18:49:27Z,"j-rock,visual kei,anime","Universal Music LLC",0.595,0.984,7,-3.135,0,0.253,0.000652,0.00000967,0.434,0.405,140.077,4
spotify:track:5bsGv6kAydbH8VTW0xup9D,"RESISTER","百歌繚乱","ASCA",2019-11-06,227080,55,false,scjo4o2kz9o5tj44pzr24cqzo,2023-02-26T22:44:48Z,"anime,j-rock,j-pop","Sony Music Labels Inc.",0.483,0.946,8,-3.059,1,0.0906,0.00997,0,0.141,0.4,91.497,4
spotify:track:5vaJU5vIRhx6d6lgyYR1Bb,"Resolution","Resolution","Haruka Tomatsu",2019-10-13,290233,49,false,scjo4o2kz9o5tj44pzr24cqzo,2023-02-28T00:12:40Z,"anime,j-pop","MusicRay'n Inc.",0.529,0.981,7,-1.278,1,0.131,0.15,0,0.401,0.501,97.583,4
spotify:track:0jpP8AlQLVtaMwA3vQYpYB,"青春コンプレックス","青春コンプレックス","結束バンド",2022-10-09,205133,55,false,scjo4o2kz9o5tj44pzr24cqzo,2023-03-25T19:14:09Z,"j-rock,anime,j-pop","Aniplex Inc.",0.37,0.939,7,-2.056,0,0.12,0.00165,0.00000214,0.148,0.463,190.066,4
spotify:track:4UPR9dSw2YcvJQAGJKPwCk,"ファティマ","ファティマ(TVアニメ「シュタインズ・ゲート ゼロ」OPテーマ)","いとうかなこ",2018-04-25,246186,52,false,scjo4o2kz9o5tj44pzr24cqzo,2023-05-10T15:00:36Z,"anime,j-rock","5pb.Records",0.362,0.926,1,-3.532,0,0.0622,0.000273,0.00373,0.258,0.673,178.991,4
spotify:track:7eITsVSfN8kKAxT35hoKF2,"The Gong of Knockout","HYPERTOUGHNESS","Fear, and Loathing in Las Vegas",2019-12-04,210345,44,false,scjo4o2kz9o5tj44pzr24cqzo,2023-07-11T09:54:23Z,"anime,j-rock","WM Japan",0.197,0.994,8,-1.721,1,0.324,0.000193,0.00000238,0.139,0.197,179.937,4
spotify:track:7lP713bUiokrSjRcztjzgp,"落書きペイジ","落書きペイジ","KANKAKU PIERO",2019-02-04,205610,0,false,scjo4o2kz9o5tj44pzr24cqzo,2023-07-11T09:56:20Z,"anime,j-rock","JIJI INC.",0.222,0.98,1,-0.627,1,0.167,0.0047,0.0706,0.228,0.268,184.112,4
spotify:track:64yajM6CxtLghmgB53VeXT,"インフェルノ","インフェルノ","Mrs. GREEN APPLE",2019-07-18,212546,69,false,scjo4o2kz9o5tj44pzr24cqzo,2023-07-11T09:56:59Z,"j-pop,j-rock,anime","Universal Music LLC",0.529,0.93,4,-1.538,1,0.0588,0.00955,0,0.465,0.694,92.463,4
spotify:track:5uraJqtCBvLpwt3VeomZdq,"Shinzo wo Sasageyo !","Shingeki no Kiseki","Linked Horizon",2017-05-17,341413,68,false,scjo4o2kz9o5tj44pzr24cqzo,2023-07-11T09:58:01Z,"anime,j-pop","PONY CANYON INC.",0.44,0.983,0,-4.36,1,0.0868,0.22,0,0.26,0.203,159.968,4
spotify:track:6wZcefZGc6vrd3zLCQoOYe,"空に歌えば","Chihou Toshi No Memento Mori","amazarashi",2017-12-13,217626,1,false,scjo4o2kz9o5tj44pzr24cqzo,2023-07-11T09:58:50Z,"anime,j-rock,j-pop","Sony Music Labels Inc.",0.594,0.951,6,-1.339,0,0.0696,0.0142,0.00000118,0.0965,0.641,102.04,4
spotify:track:3Gj9gaVfc3HHyqcIFaSa70,"インフィニティ","インフィニティ","Yuuri",2021-01-23,245853,51,false,scjo4o2kz9o5tj44pzr24cqzo,2023-07-11T10:01:44Z,"j-pop","Sony Music Labels Inc.",0.555,0.66,2,-5.193,1,0.0531,0.228,0,0.215,0.786,177.999,4
spotify:track:6jBNUlTbv3fyn5t4izsdMa,"again","Green Garden Pop","YUI",2012-12-05,255213,1,false,scjo4o2kz9o5tj44pzr24cqzo,2023-07-11T10:01:54Z,"anime,j-pop,j-rock","Sony Music Records",0.62,0.836,4,-4.27,0,0.0354,0.0427,0,0.337,0.546,140.073,4
spotify:track:5blG2vXcJC2n9l3rb5sCOr,"燈","燈","Soushi Sakiyama",2023-07-07,238720,64,false,scjo4o2kz9o5tj44pzr24cqzo,2023-08-19T15:03:06Z,"anime,j-pop","Sony Music Labels Inc.",0.671,0.677,5,-4.849,1,0.0381,0.294,0,0.236,0.665,127.08,4
spotify:track:12usPU2WnqgCHAW1EK2dfd,"青のすみか","青のすみか","Tatsuya Kitani",2023-07-07,196466,74,false,scjo4o2kz9o5tj44pzr24cqzo,2023-08-19T15:03:13Z,"anime,j-pop,j-rock","Sony Music Labels Inc.",0.479,0.898,1,-4.809,1,0.169,0.0134,0,0.297,0.639,151.99,4
spotify:track:0kdqcbwei4MDWFEX5f33yG,"Bling-Bang-Bang-Born","Bling-Bang-Bang-Born","Creepy Nuts",2024-01-07,168135,75,false,scjo4o2kz9o5tj44pzr24cqzo,2024-01-16T00:01:39Z,"anime,j-pop,j-rap","Sony Music Labels Inc.",0.853,0.822,6,-6.836,0,0.246,0.0841,0.00985,0.166,0.746,157.013,4
spotify:track:7v8wKvNQQIxkugCFFjrkaO,"残響散歌","残響散歌","Aimer",2021-12-06,184898,69,false,scjo4o2kz9o5tj44pzr24cqzo,2024-07-05T14:00:48Z,"anime,j-pop,j-rock","Sony Music Labels Inc.",0.367,0.896,11,-4.002,1,0.091,0.000627,0,0.207,0.38,170.863,4
spotify:track:5ORPYXJKlpHWIdceavSGrL,"遥か彼方","BEST HIT AKG","ASIAN KUNG-FU GENERATION",2012-01-18,243346,67,false,scjo4o2kz9o5tj44pzr24cqzo,2024-07-05T14:00:56Z,"j-rock,anime,j-pop","Sony Music Labels Inc.",0.308,0.955,4,-3.763,1,0.111,0.0000239,0.113,0.166,0.237,174.991,4
spotify:track:0GWNtMohuYUEHVZ40tcnHF,"SPECIALZ","SPECIALZ","King Gnu",2023-09-01,238986,75,false,scjo4o2kz9o5tj44pzr24cqzo,2024-07-05T14:01:31Z,"j-pop,anime,j-rock","Sony Music Labels Inc.",0.566,0.85,6,-4.431,0,0.0599,0.0663,0,0.319,0.722,117.048,4
spotify:track:2vjY3jGKElvqXoaGNEuYef,"怪物","THE BOOK 2","YOASOBI",2021-12-01,205480,67,false,scjo4o2kz9o5tj44pzr24cqzo,2024-07-05T14:01:42Z,"j-pop,anime","YOASOBI",0.598,0.847,1,-2.54,1,0.205,0.0655,0.0000992,0.307,0.728,169.959,4
spotify:track:7dbR922LJxUW3tXNw29VsS,"INSIDE IDENTITY","Parallel of Crescentic Lab.","ZAQ",2014-04-16,262626,37,false,scjo4o2kz9o5tj44pzr24cqzo,2024-07-05T14:02:03Z,"anime,j-pop,j-rock","Lantis",0.519,0.983,11,-2.818,0,0.114,0.0448,0,0.332,0.417,92.972,4
spotify:track:7ovUcF5uHTBRzUpB6ZOmvt,"アイドル","アイドル","YOASOBI",2023-04-12,213233,73,false,scjo4o2kz9o5tj44pzr24cqzo,2024-07-05T14:02:13Z,"j-pop,anime","YOASOBI",0.574,0.935,1,-2.783,1,0.0926,0.112,0.00000107,0.367,0.836,166.008,4
spotify:track:2hXPmiqKdXcbV0L1VKnTDN,"最高到達点","最高到達点","SEKAI NO OWARI",2023-09-17,227469,63,false,scjo4o2kz9o5tj44pzr24cqzo,2024-07-05T14:04:28Z,"j-pop,anime","Universal Music LLC",0.647,0.959,6,-3.835,1,0.0477,0.0737,0,0.0683,0.807,132.002,4
spotify:track:1GCAwGE7SOnNRpDRSw3TCZ,"Hazure","Hazure","Chogakusei",2024-07-05,198258,33,false,scjo4o2kz9o5tj44pzr24cqzo,2024-09-13T16:05:26Z,"vocaloid,j-pop","PONY CANYON INC.",0.488,0.941,8,-4.405,1,0.335,0.0347,0,0.657,0.455,170.046,4
spotify:track:6KYOlIwDHbrbeBbJEtQ0Fj,"オトノケ - Otonoke","オトノケ - Otonoke","Creepy Nuts",2024-10-04,185626,75,false,scjo4o2kz9o5tj44pzr24cqzo,2024-10-08T18:26:58Z,"anime,j-pop,j-rap","Sony Music Labels Inc.",0.517,0.842,1,-6.905,1,0.348,0.062,0.0575,0.158,0.643,169.745,4
spotify:track:7McCOOQG8GQtngK2Obh0Ts,"chAngE","guitarissimo","miwa",2011-04-06,249746,56,false,scjo4o2kz9o5tj44pzr24cqzo,2024-11-20T02:01:38Z,"j-pop,anime","Sony Music Labels Inc.",0.442,0.973,7,-2.01,1,0.156,0.0268,0,0.108,0.635,164.852,4
